{"graffiti 1":[-122.26652319, 37.81531974],"graffiti 2":[-122.2638062, 37.815455]}
